{
  "Elo": 0.17626039358020523,
  "Poisson": 0.1702694414560851,
  "ML": 1.9034351131546752e-17,
  "CatBoost": 0.4208013627987322,
  "LightGBM": 0.23266880216497746,
  "XGBoost": 2.5192626622678646e-18
}