{
  "Elo": 0.17762105917008036,
  "Poisson": 0.14501434763555224,
  "ML": 0.009691458256207507,
  "CatBoost": 0.5549621816456995,
  "LightGBM": 3.2526065174565133e-19,
  "XGBoost": 0.11271095329246034
}