{
  "Elo": 0.1812284757006866,
  "Poisson": 0.17867489825649957,
  "ML": 0.04195694554925072,
  "CatBoost": 0.29525702241316276,
  "LightGBM": 0.3028826580804004,
  "XGBoost": 1.2138265554563349e-17
}