{
  "Elo": 0.20157453213214654,
  "Poisson": 0.16899727825806432,
  "ML": 0.0,
  "CatBoost": 0.3431514217328441,
  "LightGBM": 0.031106397469690784,
  "XGBoost": 0.2551703704072542
}