{
  "Elo": 0.21282542325826725,
  "Poisson": 0.14514212542552918,
  "ML": 9.54097911787244e-18,
  "CatBoost": 0.46800015048260984,
  "LightGBM": 0.06807789228035768,
  "XGBoost": 0.10595440855323617
}