{
  "Elo": 0.20157492111426692,
  "Poisson": 0.16899696350160093,
  "ML": 1.376936759056591e-17,
  "CatBoost": 0.3431509576664038,
  "LightGBM": 0.031106872944577577,
  "XGBoost": 0.2551702847731508
}