{
  "Elo": 0.18397004892613372,
  "Poisson": 0.17209514136079318,
  "ML": 0.0,
  "CatBoost": 0.348232055732304,
  "LightGBM": 0.17425116081824923,
  "XGBoost": 0.12145159316251994
}