{
  "Elo": 0.20234910961640717,
  "Poisson": 0.15749403718672056,
  "ML": 0.024753147871701537,
  "CatBoost": 0.3796102084656059,
  "LightGBM": 0.06400080099785864,
  "XGBoost": 0.17179269586170628
}