{
  "Elo": 0.20383714138074388,
  "Poisson": 0.13191919102381128,
  "ML": 0.0,
  "CatBoost": 0.4369412853777244,
  "LightGBM": 0.09301047133120206,
  "XGBoost": 0.13429191088651837
}