{
  "Elo": 0.1777636543741165,
  "Poisson": 0.1609308297386554,
  "ML": 0.0,
  "CatBoost": 0.5327428989376349,
  "LightGBM": 0.09307704679564138,
  "XGBoost": 0.03548557015395188
}