{
  "Elo": 0.181201200735021,
  "Poisson": 0.1672733240412676,
  "ML": 0.15642577002887892,
  "CatBoost": 0.34430207665145457,
  "LightGBM": 1.7347234759768067e-18,
  "XGBoost": 0.1507976285433779
}