{
  "Elo": 0.18796915528142408,
  "Poisson": 0.15940115595018664,
  "ML": 0.008714980227887066,
  "CatBoost": 0.4655979472635996,
  "LightGBM": 1.951563910473908e-18,
  "XGBoost": 0.17831676127690266
}