{
  "Elo": 0.1751397595105158,
  "Poisson": 0.16342980959264947,
  "ML": 2.289424537947294e-17,
  "CatBoost": 0.5007548350333033,
  "LightGBM": 0.14802233934291226,
  "XGBoost": 0.012653256520619209
}