{
  "Elo": 0.22640028934067424,
  "Poisson": 0.16370497730230882,
  "ML": 0.0037982201351546424,
  "CatBoost": 0.35982423830052207,
  "LightGBM": 0.07250605465724656,
  "XGBoost": 0.1737662202640937
}