{
  "Elo": 0.1804732375556113,
  "Poisson": 0.16531677966449992,
  "ML": 0.1100858624084712,
  "CatBoost": 0.3919905503356553,
  "LightGBM": 0.15213357003576233,
  "XGBoost": 0.0
}