{
  "Elo": 0.20716228773891382,
  "Poisson": 0.1602075893159558,
  "ML": 0.0,
  "CatBoost": 0.42065869245376825,
  "LightGBM": 0.025555413698917853,
  "XGBoost": 0.18641601679244432
}